打回票,坻
抽冷子,不像话
雅俗,耕地
剡,疆界
长岭,删改
爱上,暴虐
山茱萸,一星半点
小车,遮羞布
抠字眼儿,敌方
肥肉,结晶硅
趋,岁数
太平,险崖老林
犹豫,有生以来
倾斜角,杀出重围
连锁,师友
甥女,名噪一时
尚未,革命
脊骨,独家
悬挂,错落有致
对错,飞快
人名,台本
寸步不离,矜夸
眼镜,走村串户
遮荫,代办点
肿,眄
吞吞吐吐,胜于
织女,侯爵
滋蔓,原因
磋商,阻截
调,转祸为福
相符,丈
闷葫芦,便路
器械,巡风
日就月将,选料
游艺场,工稳
相思子,锅子
膳食,奥林匹克
路劫,豪侠
框框,刚愎
齿轮,阴
犹豫,五内
稔,碉堡
犁牛,空炮
固氮菌,热火朝天
博物院,婀娜
字,翻箱倒柜
家人,和风细雨
相沿成习,对子
讽刺,温饱
少不了,网开三面
内需,深挚
正书,刺参
捞起,荒岭
会合,越冬作物
娘子,避让
慈悲,枯杉
阉割,结尾
以防不测,窃
特惠,尘土
指鹿为马,舀
重见天日,砟子
老记,四面八方
自食其言,霜叶
介于,大处落墨
安息,火上浇油
优先,三五成群
敏锐性,落草
悔不当初,着装
害处,杏
姐儿,蕾
撕破,督军
呼唤,道场
别具匠心,芭蕉扇
晚饭,前面
白叟黄童,当兵
踌躇,缰
后生可畏,锥
倍受,捺
出谋划策,改造
哑女,坚称
水,火苗
插条,费心
经理,鼻子
光荣,尖酸刻薄
事半功倍,轮班
体体面面,嫡
疏浚,投标
割舍,磐石
辐照,试题
自己人,总负责人
有为,万里长城
缘木求鱼,衰弱
核查,合写
来鸿,流亡
听,英姿勃勃
从来不,装满
马兰,悲观
理屈,景况
脸红,阶级
亲闻,必不可少
耳垢,缫丝
安装,寡妇
金榜题名,居心叵测
城,招惹
美发,言听计从
鳔胶,功臣
半点,观瞻
无动于衷,改名
雅观,姻亲
有哭有闹,日晒雨淋
刚好,生就
柒,小崽子
哀求,垂涎欲滴
排雷,帘子
餐风宿露,非君莫属
民族,垂落
跑龙套,自小
哪怕,端量
集粹,如雷贯耳
孤苦伶丁,未成年人
有目共睹,跞
放缓,为数众多
打瞌睡,愧恨
仓皇,纵情
高龄,正东
由头,浮游生物
麻脸,空架子
换车,美食佳肴
未成年人,兮
猜忌,逆境
有时,劳苦功高
两小无猜,张开
螳,进驻
视作,勇者
剪,封条
制裁,密密
一望无涯,阿妹
骁勇,民主
拘泥,竺
能够,侈
始于足下,哭喊
伯,羁留
溃灭,弃甲曳兵
现形,无意义
一定量,熔炼
发泄,寒来暑往
隐形,扯后腿
镬,森林
稻谷,反正
动人心魄,死仗
利弊,短装
鲜鱼,老好人
掉头,阵雨
次于,椰枣
册,蚊虫
大解,已然
行劫,成灾
提前,教研室
算计,无上光荣
再次,红参
丧胆,教书
抽水,旷
戏弄,为之一喜
甩,矿长
星期四,松花蛋
智多星,比如说
阿联酋,机动
昼,毗连
纵波,溃
设宴,过人
惊悸,反击
煤气灯,乱兵
景致,和和气气
昆剧,查检
追风逐电,石级
声如洪钟,指环
公诸于世,报导
验方,肝脑涂地
低位,瀑布
会聚透镜,举报人
各条,追询
言犹在耳,簧
渲,诚
懂,饥
正经八百,累牍连篇
举止端庄,风帆
大惊失色,结亲
肘,贫乏
愁闷,语
治罪,渚
受难者,咖啡因
绝色,不好过
定,内亲
祈祷,今天
脚丫子,碍
无线电,多
周日,拖把
急流,英武
唯心主义,不明
古板,少时
痛快淋漓,篷车
声称,飞黄腾达
燠,鲜鱼
享有盛誉,层层叠叠
信心,货品
倚赖,芥
山势,积极
坐探,空中楼阁
嘴尖,下欠
贼赃,浓缩
快,字据
洋相,廊子
星辰,弩
拿到,崇敬
二簧,解气
清静,聊胜于无
摇钱树,馆
霹雳,翘舌音
透,挑选
喜宴,唱酬
号召,康宁
云集,花露水
新纪元,无瑕
传人,瘦长
可怕,食宿
星,药液
他们,惨淡经营
举手投足,无业
版税,海藻
撤并,绝活
木化石,生辉
渗漏,兄
豁然,周而复始
置之度外,核爆炸
逊色,锻压
交情,路签
取向,流离失所
汗碱,垂范
促膝,趑趄
糁,考订
嫌疑,留有余地
原子笔,汐
保全,彩云
附加,航空员
背,姻
微电脑,白话文
管窥所及,览
耳环,蜡
箱笼,挑食
绝望,笑呵呵
精妙,贲
公安局,名特新优精
想不开,长足
自爱,递加
茅棚,并驾齐驱
成名成家,腾腾
麋鹿,蜂起
勤杂人员,排箫
成家,侧芽
如愿,红
幼女,恬适
蒸笼,操纵员
石沉大海,滔
体液,陆稻
死心眼儿,苍郁
小艇,殡葬
秤毫,节子
千帆竞发,添麻烦
本该,节拍
立意,北部
进而,魔法师
局促不安,四起
氢,煎熬
忘我工作,酒鬼
园,多管齐下
铲土机,不稂不莠
心气,千万
潇洒不羁,拼搏
出马,左不过
终了,深入浅出
套鞋,歪歪斜斜
敲敲打打,苞米
头天,蠢动
厚古薄今,等外品
延,朝拜
染色,潜藏
早晚,细看
如果,造谣生事
谈论,赛
创造,积羽沉舟
荒,铁石心肠
实处,袒露
政局,天井
打鼾,应用文
脆响,偷梁换柱
悔之晚矣,划价
刑满释放,剖腹藏珠
成文,隼
豪门,激励
两全,簪子
心细,蜻蜓点水
嘁嘁喳喳,屡
莫不,听讲
吊死,春天
直说,礼拜二
风吹雨淋,颀长
腾空,音译
全国,战场
区划,邻国
新品种,微处理器
写生,颅骨
神明,病重
施放,朝思暮想
赔付,鼓胀
山岭,抑扬顿挫
概观,睹
觉世,照章
拉动性,担忧
无可奈何,夏衣
桅樯,成本
有失,运送
明子,脚蹼
相机,道道
有恃无恐,脚腕子
撂挑子,纯金
前列腺,瑟瑟
江珧柱,情韵
被头,渍
白不呲咧,严冬
确证,鳔
简谐运动,滋生
鲚,莫须有
拜年,缔约
中暑,危重
纯洁性,耗
中午,仆仆风尘
衰败,居功自傲
证,严刑
誉,应接不暇
内人,硕果仅存
树,博闻强识
磨坊,选手
曲水流觞,土星
终点,于今
喜,扈从
突变,深思熟虑
两栖,扬琴
地头,获救
诗坛,怪事
领主,挥泪
虎虎有生气,蝇
闲话,静脉
清廉,白砒
小牛,蠢笨
吟诗,眺
没法儿,传销商品
好歹,暗送秋波
满天,草拟
玉液琼浆,家当
冷水,乐器
放冷风,沦
车钱,链轨
秆,肝脏
夸奖,抓药
非凡,坑穴
黔驴技穷,摈斥
包装,今儿
漂浮,能征惯战
紧,骗局
至少,弯转
百感丛生,体膨胀
鸾凤,帐篷
集体主义,干脆利落
如此而已,朦胧
精光,消防员
光焰,绳
鲞,家弦户诵
行市,金煌煌
有底,棉花胎
闯祸,土腥气
仙人,盲人
挨斗,压缩性
贫困,功
雨涝,沙沙沙
主题,代代红
田猎,庵
冰锥,同盟国
脚底板,誊
皮子,伤痕
戏馆子,伸直
良友,捷
城府,现如今
靠得住,姊
原籍,公推
蓝靛,知名演员
集会,表彰
打劫,菜油
让步,敦实
大作品,南柯一梦
借债人,转悠
颏,宣战
拆开,拆卸
信任,绷脸
鬓角,互动
偷天换日,怯声怯气
攀折,何如
签证,痊愈
甲等,发大财
困人,拉后腿
金疮,天才
忘情,摆脱
深渊,劫
蜂巢,士
期间,因时制宜
主潮,风车
想,不良
土里土气,上宾
钢铁长城,栋梁材
小崽子,慢慢悠悠
庸碌,工匠
吃得住,赏识
大马哈鱼,宗仰
曾父,病原体
簧片,卖家
青天白日,回身
醒悟,加进
宣告,宗派
普遍,侧目而视
迢迢,以己度人
写信人,排场
马熊,抛锚
唇裂,憾事
难道,衣冠禽兽
超级大国,有望
条,画图
蜂乳,鼓噪
面色,拿摩温
残垣断壁,大旱
拜盟,投机取巧
肇端,爱人
妃,愧恨
释,并未
士,土地老
举棋不定,极目眺望
鹊,国宴
请帖,找
漂浮,居无定所
瞧,三教九流
内亲,裁缝
循规蹈矩,本金
宽,姿
三家村,缜密
主力舰,萌芽
硬棒,寿斑
道义,失职
攀缘,安琪儿
饵料,难保
羚羊角,性子
癌肿,财务科
板脸,大车
差遣,媳
结出,反目成仇
分袂,餐饮店
老远,斯
纤尘,破袭战
谂,寿斑
生活资料,丽
零数,噩梦
正理,人来人往
祖师,尾声
何日,覆辙
蒙古包,寝食难安
挂火,救火扬沸
进口货,谜底
越瓜,矜夸
消失,伶俐
落败,不愧
核计,公干
风土,陪
作东,连累
原始林,卫生
温情,杆子
赢家,接受
藓苔,空中
营寨,飘浮
徘徊,看到
喜悦,姐妹
冷冷清清,司乘人员
声泪俱下,当今
务必,盘缠
底蕴,一毛不拔
耳孔,贤达
用心险恶,职工
村户,驳杂
篱栅,签名
府第,拖儿带女
不吝指教,欠账
耐,电波
灾祸,不免
接头,预防
荒淫,号码
对手,坐观成败
战祸,电动
当令,劝说
大步,打碎
只说不做,辅币
好声好气,诗坛
急急,正电
拖延,皇上
车裂,桅
一把子,扳回
奋起拼搏,功亏一篑
着眼点,如常
欠佳,航行
笑笑,架起
呈正,不认帐
痛饮,前沿
办水热,游人
恍若,幡然
相比之下,死活
北方,微生物
赏罚,虎虎生气
棠棣,买入
芳,大脑炎
考究,深恶痛绝
落脚点,阅世
沼,投掷
宴会厅,另有所指
废止,赢得
无怪,本末倒置
歇凉,丸药
混淆黑白,浪花
灰烬,绷簧
硅钢,利害
冷艳,峰
奖,文法学
馏,绵长
脱,学费
一山之隔,名为
曲尺,隐瞒
群峰,人亡政
烟袋锅,课
秃疮,傀儡戏
罾,散剂
况且,死伤
根基,薄地
调唆,吃独食
奋发有为,火箭
扑火,骏
眼明手快,怒气冲冲
不懈,矿体
查办,归因于
诸多不便,顺当
意象,无处
犍牛,内存
鲍鱼,少女
烟雾,播音员
迷离扑朔,路口
征稽,空哥
自然法则,初稿
石女,佑助
准,承认
煊赫,研修班
导师,下陷
毡幕,短
下线,亲爱
辗转,颈椎
如丧考妣,谚
推涛作浪,诅咒
洋火,切忌
斗箕,圣洁
虺虺,民用
妄自菲薄,亲兄弟
束缚,告饶
栖,劳务工
气贯长虹,棉衣
满处,下里巴人
痛,升华
叹服,感慨万端
倭瓜,中心思想
婶娘,矿长
毛遂自荐,红萍
绸缎,脑壳
鹭,初一
上半身,训词
症,客栈
景,楷则
硬壳,烀
审视,折
秋,有两下子
原样,想不开
劳而无获,幡
张扬,慑服
匪盗,户外
柜,接办
炼,前仰后合
轻手轻脚,凡
偶合,传令
白色,跨过
富民,胃液
商场,之乎者也
急变,嬗变
蹑,殷墟
各人,稀缺
书卷气,秋耕
赢余,转折点
疮痍满目,穰
盗码者,摄影机
孤芳自赏,起因
秤砣,安安稳稳
时势,地脚螺丝
骑马找马,水烟筒
首脑,编排
铁,喉管
俩,无济于事
增光,谆谆教诲
感召,物尽其用
不足,逸乐
欠身,凶多吉少
左手,板
石级,花花绿绿
老虎屁股摸不得,吃劲
拥抱,公堂
小吃店,扼守
闹嚷嚷,斜纹布
眨眼,普高
辑,坦诚相见
脚夫,肖
线条,蔓菁
主宰,赊
普高,起兵
实证,老婆儿
得心应手,语汇
罐头,牢不可破
一往直前,负责人
费口舌,鼎盛
稀世,五毒俱全
浅海,振幅
进口商品,待遇
差数,文法学
仇人,指路
孤儿寡母,擦澡
贪得无厌,大言不惭
宗庙,实话
制动器,拉拉扯扯
上京,兵戎相见
长眠,传情
美满,惊险万状
画轴,频仍
卑,减下
打折扣,优秀
腐乳,佳期
妮,倾倒
童叟无欺,宏阔
努嘴,麦克风
发怒,是不是
只有,出盘
尽善尽美,妨碍
科尔沁,豆芽儿
牟,娇纵
五帝,将指
伊斯兰教徒,凛若冰霜
打倒,评剧团
婆娘,大员
主河道,多如牛毛
混淆是非,审定
净角,与人无争
切记,歧异
匪巢,一哄而上
冬令,欠帐
蠢材,判若云泥
胜者,湿漉漉
忠心,坟丘
重蹈覆辙,驾驶
发福,家喻户晓
丹,知道
门风,棉布
情欲,敞亮
捕获,打炮
接风,丁宁
不独,岂有此理
茅庐,毛笋
思新求变,支撑
血口喷人,痴心
评判人,喜结良缘
远洋,献技
借花献佛,深长
峡,贼赃
唤,边缘
啃书本,罅
春,米
无所谓,退却
栏,瞄
垂线,按图索骥
未必,不二法门
马棚,旱柳
催促,两袖清风
素油,转战
幽香,牵引
蔷薇,急于求成
老气,百废待兴
瞑目,协同
学堂,讲师
偷香窃玉,弃置
舌头,核爆
破浪前进,慷
七十二行,用长避短
告发,难人
赠券,油滑
濒死,宝库
寒冬腊月,世家
早早儿,应有
顿然,歼敌
毛手毛脚,上位
党羽,无尽无休
腻味,起家
失物,毋
大虾,词儿
火烧眉毛,个体所有制
不即不离,飞贼
小解,海枯石烂
老鸦,红柳
骗人,淡红
衣襟,包括
鼓,尊敬
嬉戏,水瓢
川,申雪
舍死忘生,累牍连篇
长机,听到
庭园,钢水
风压,细腻
电棒,丧生
改掉,夙兴夜寐
冠冕,管道网
帔,枕席
蚕蚁,面目皆非
学有所长,无可指责
村,芰
精髓,内参
栏,贞烈
贺,人力
销帐,匠心独运
国殇,含血喷人
窃窃私语,口头语
千秋万代,缄口
坐困,康宁
舍间,叙文
不负,咕容
启运,非常
耕牛,工件
兜揽,秤毫
幻境,写稿人
疏,枪械
主教堂,就坐
纭纭,痛心
灰,送别
两世为人,价码
经合,极致
写意,蘑菇
强手如林,悃
恰当,故旧
浑然无垠,鼻息
埒,妨
时令病,板材
马兰,要隘
许可证,葬
该校,装潢门面
远门,清风
地窖,抑制
春秋鼎盛,暖壶
较真,麾下
泥土,预告
骆驼绒,愁肠
酬应,赘瘤
退避三舍,人心如面
头巾,能屈能伸
悉数,啃书本
圆梦,大笑
天之骄子,毫无二致
大叔,裨将
忧虑,短工
以次,敌对
干干净净,重量
留后路,自发
凭仗,振动
农妇,钻石
乎,奔突
不仁,乘机
夷,推出
生光,发自
白文,标新立异
清醒,洋气
乐观,船篷
敦聘,奸计
喷溅,奸笑
伊斯兰,左面
蟾宫,口陈肝胆
日用百货,逼视
纸醉金迷,全面
地窨子,情爱
闻名遐尔,签名
堕,怜惜
心口,手头字
防备,共同
先,香片
领头,鸡毛蒜皮
花花绿绿,熠熠闪闪
不辞辛苦,不起眼
城隍,惨境
融汇,如愿
大败,今生
重阳,仅次于
推荐,饕
老顽固,款子
特批,校友
妄动,百年不遇
挖,发潮
八拜之交,压低
颇具,公事
演员,以往
精微,哀痛
梗,飘动
包厢,佚
电站,思潮
母夜叉,掺
赢家,骄矜
凝炼,论处
水路,无异于
不足为奇,躯
冲劲,流利
瞬即,莞
笋子,桅
厉害,匹
康庄大道,挑毛病
慨当以慷,干什么
乒乒乓乓,走人
凭吊,心志
蓝点鲅,故步自封
骨腾肉飞,这儿
呼哧,狗东西
子孙万代,年年岁岁
复古,菊
果皮箱,偏重
疤,种养
自相残杀,嫜
佬,脚本
小幅,闹别扭
学士,忍
道家,油汪汪
苦,提制
臭老九,培育
矬,势不两立
簸荡,瞳
怯,私货
不乏,慈悲
无视,晕厥
排名分,团圆节
寒风,浸透
绵薄,灵光
壁垒森严,扈从
奇绝,亡命之徒
紫云英,此时
宝物,力竭声嘶
收揽,盛产
自尽,诀窍
剔出,美女
意欲,触须
共振,员外
传扬,扪心自省
板,民用
清冷,兜销
餐,痴想
勾心斗角,威兴我荣
互,信手拈来
草体,态
豪情,国有
老,袁头
标准音,教员
节,轴
续弦,不料
安心,补充
邀请函,大幅度
综上所述,屠户
申辩,言不及义
圆场,歌手
偷眼,鼷鼠
身不由己,迢迢
作陪,级次
电视,发蒙
枯竭,适中
西洋画,攀谈
耳郭,滴滴涕
多彩多姿,唠
保证金,序文
连篇,退赔
师哥,附庸
情形,方子
叱骂,转租
森严,泯
心急,钱物
招待券,探悉
受人牵制,堆砌
危辞耸听,放逐
关卡,一技之长
爱财如命,误点
抚恤金,吞灭
拖三拉四,叵测之心
明知故问,烈士
咻咻,紧密
谅解,舞艺
最高,寿数
吊桥,玻
事务,风范
猫头鹰,红眼
十万八千里,钎子
负面,反抗
惟命是从,露骨
大帝,死理
水上居民,癞蛤蟆
厚意,飞雪
从命,比方
不可开交,莲蓬
保健站,蝻子
火砖,据说
八九不离十,犄角
结子,参观
死心塌地,文静
开放,胃部
切磋,促
自明,丛
非分,说白了
发抖,影剧院
提纲,端庄
情由,木头人
附赘悬疣,断断续续
专员,坐而论道
名胜,传情
栅,行销
半劳动力,译
贫困,定规
作文,旧地
沙哑,开矿
雅量,江西腊
白熊,泉源
箅子,乘
完小,脑门子
大势所趋,泡影
问候声,平面波
铸,主办
多次,虚脱
山凹,山间
花茎,墓
高超,活动分子
老大爷,电线
常言道,南征北战
诗意,荷花
刺客,礼数
对立,上年
粉色,液压机
命途多舛,外耳道
诉讼,求同求异
吊车,横流
书本,下任
不免,用典
洒落,坚持不懈
绊倒,霄壤之别
四面八方,小不点儿
黄牛党,简谐运动
一致,所以然
良田,年深月久
鳄,国药
刑具,小日子
容光焕发,残暴
领导权,定规
成年人,热度
规谏,公布于众
赖以生存,难以忘怀
紧迫,酒馆
药材,双鱼
转眼,弦外之音
佚事,执法者
祖孙,和光同尘
水准器,寄居
讨亲,瞅见
毛线,飘曳
泄劲,综上所述
预防,官宦
一朝一夕,坚贞不屈
宽心,学者
周转,水泥块
公演,飙升
惩,壕堑战
颅脑,眨
助益,下子
洋芋,官方
论说,外行
舁,装入
醒悟,姗姗来迟
日光灯,空乏
酒菜,拦阻
